{"name":"419b7421-c080-4ae6-b312-98d74ce7774a","id":"/providers/Microsoft.Flow/flows/419b7421-c080-4ae6-b312-98d74ce7774a","type":"Microsoft.Flow/flows","properties":{"apiId":"/providers/Microsoft.PowerApps/apis/shared_logicflows","displayName":"Taller de Integracion de Sistemas","definition":{"metadata":{"workflowEntityId":null,"processAdvisorMetadata":null,"flowChargedByPaygo":null,"flowclientsuspensionreason":"None","flowclientsuspensiontime":null,"flowclientsuspensionreasondetails":null,"creator":{"id":"b492f1af-85a4-4fa5-9b85-8915c4178792","type":"User","tenantId":"585a4d92-db1d-4bbb-b5ac-c5299e3894e3"},"provisioningMethod":"FromDefinition","failureAlertSubscription":true,"clientLastModifiedTime":"2024-04-11T21:39:23.9383327Z","connectionKeySavedTimeKey":"2024-04-11T21:39:23.9383327Z"},"$schema":"https://schema.management.azure.com/providers/Microsoft.Logic/schemas/2016-06-01/workflowdefinition.json#","contentVersion":"1.0.0.0","parameters":{"$authentication":{"defaultValue":{},"type":"SecureObject"},"$connections":{"defaultValue":{},"type":"Object"}},"triggers":{"When_a_new_response_is_submitted":{"splitOn":"@triggerOutputs()?['body/value']","type":"OpenApiConnectionWebhook","inputs":{"parameters":{"form_id":"kk1aWB3bu0u1rMUpnjiU46_xkrSkhaVPm4WJFcQXh5JUMEhPRzEzT1BXQ1RIOTA5WDFJOVo5NkVaUS4u"},"host":{"apiId":"/providers/Microsoft.PowerApps/apis/shared_microsoftforms","connectionName":"shared_microsoftforms-1","operationId":"CreateFormWebhook"},"authentication":"@parameters('$authentication')"}}},"actions":{"Get_response_details":{"runAfter":{},"type":"OpenApiConnection","inputs":{"parameters":{"form_id":"kk1aWB3bu0u1rMUpnjiU46_xkrSkhaVPm4WJFcQXh5JUMEhPRzEzT1BXQ1RIOTA5WDFJOVo5NkVaUS4u","response_id":"@triggerOutputs()?['body/resourceData/responseId']"},"host":{"apiId":"/providers/Microsoft.PowerApps/apis/shared_microsoftforms","connectionName":"shared_microsoftforms-1","operationId":"GetFormResponseById"},"authentication":"@parameters('$authentication')"}},"Add_a_row_into_a_table":{"runAfter":{"Get_response_details":["Succeeded"]},"metadata":{"016F27WCZUQVQTJQCPYNH3HWO2LXDSJOGT":"/Sistema de Información del Personal.xlsx","tableId":"{00000000-000C-0000-FFFF-FFFF00000000}"},"type":"OpenApiConnection","inputs":{"parameters":{"source":"me","drive":"b!IoZwO6pNukKnclva4vwhegTePh09BzpHoCOyx3de7FJwHInbJCrETYbgVoC4hBfk","file":"016F27WCZUQVQTJQCPYNH3HWO2LXDSJOGT","table":"{00000000-000C-0000-FFFF-FFFF00000000}"},"host":{"apiId":"/providers/Microsoft.PowerApps/apis/shared_excelonlinebusiness","connectionName":"shared_excelonlinebusiness-1","operationId":"AddRowV2"},"authentication":"@parameters('$authentication')"}},"Send_an_email_(V2)":{"runAfter":{"Add_a_row_into_a_table":["Succeeded"]},"type":"OpenApiConnection","inputs":{"parameters":{"emailMessage/To":"fabricio.mora.torres@udla.edu.ec","emailMessage/Subject":"Taller de Integracion de Sistemas","emailMessage/Body":"<p>Especificacion de los Datos generado del Formulario:</p><br><p>@{body('Add_a_row_into_a_table')?['Id']}</p><br><p>@{body('Get_response_details')?['r8e86b769cdd4479fafd97296d2954327']}</p><br><p>@{body('Get_response_details')?['rf18532858ddf46a49cf8fc463798cb7f']}</p><br><p>@{body('Get_response_details')?['r5772fee9524a40379c9b8cbff4ac32b9']}</p>","emailMessage/Importance":"Normal"},"host":{"apiId":"/providers/Microsoft.PowerApps/apis/shared_office365","connectionName":"shared_office365-1","operationId":"SendEmailV2"},"authentication":"@parameters('$authentication')"}}},"outputs":{}},"connectionReferences":{"shared_microsoftforms-1":{"connectionName":"shared-microsoftform-51333da6-b32a-4d8b-89af-76897b5f3512","source":"Embedded","id":"/providers/Microsoft.PowerApps/apis/shared_microsoftforms","tier":"NotSpecified"},"shared_excelonlinebusiness-1":{"connectionName":"shared-excelonlinebu-42aaf421-0602-4c72-8e68-f4629d91c2b9","source":"Embedded","id":"/providers/Microsoft.PowerApps/apis/shared_excelonlinebusiness","tier":"NotSpecified"},"shared_office365-1":{"connectionName":"shared-office365-840f545f-0653-4a06-a1bc-bd6fa82cbe77","source":"Embedded","id":"/providers/Microsoft.PowerApps/apis/shared_office365","tier":"NotSpecified"}},"flowFailureAlertSubscribed":false,"isManaged":false}}